S2 Table,,,,,,,,,,,,,,,,,,,,,,,,,,,,,
"List of tRNA adaptive indices (tAI), free amino acid levels, codon stability coefficients (CSC), and amino acid stabilizing coefficients (AASC) used in this study with associated statistical values",,,,,,,,,,,,,,,,,,,,,,,,,,,,,
,,,,,,,,,,,,,,,,,,,,,,,,,,,,,
Codon,Amino_Acid,HEK293_tAI,HEK293_IsOpt,HeLa_tAI_1,HeLa_tAI_2,HeLa_tAI_3,HeLa_Avg_tAI,HeLa_tAI_SD,HeLa_IsOpt,HeLa_FreeAA_1,HeLa_FreeAA_2,HeLa_FreeAA,HeLa_FreeAA_SD,HeLa_CSC,HeLa_CSC_Pvalue,CHO_CSC,CHO_CSC_Pvalue,SC_CSC,SP_CSC,TB_CSC,DM_CSC,DR_CSC,MM_CSC,HeLa_AASC,HeLa_AASC_Pvalue,CHO_AASC,CHO_AASC_Pvalue,SC_AASC,SC_AASC_Pvalue
GCA,A,0.083398326,NonOpt,0.193672102,0.180977652,0.160603803,0.178417852,0.016682102,Opt,0.368050,0.369395,0.255539115,0.000951,0.036067207,8.42E-05,-0.003872243,0.748555379,-0.0847983,-0.053050175,-0.041636479,-0.023938605,0.038848344,0.015987826,0.080360702,1.75E-18,0.081594305,1.33E-11,0.196487572,3.72E-35
GCC,A,0.221358899,Opt,0.384321092,0.402806522,0.331341175,0.37282293,0.037094201,Opt,0.368050,0.369395,0.255539115,0.000951,0.035602503,0.000103886,0.060221264,6.05E-07,0.176068034,0.243677913,0.131967938,0.040521579,0.073532388,0.07266717,0.080360702,1.75E-18,0.081594305,1.33E-11,0.196487572,3.72E-35
GCG,A,0.10419586,NonOpt,0.155949241,0.145750967,0.128581388,0.143427199,0.013831116,NonOpt,0.368050,0.369395,0.255539115,0.000951,0.011034078,0.229141217,0.034600825,0.004168667,-0.101801301,-0.082026592,0.05904641,-0.046847822,-0.0460753,-0.001425864,0.080360702,1.75E-18,0.081594305,1.33E-11,0.196487572,3.72E-35
GCT,A,0.307442915,Opt,0.533779294,0.559453503,0.460196076,0.517809624,0.051519724,Opt,0.368050,0.369395,0.255539115,0.000951,0.101112021,2.24E-28,0.078522811,7.51E-11,0.249254889,0.293285288,0.087596197,0.023491467,0.022510122,0.092161962,0.080360702,1.75E-18,0.081594305,1.33E-11,0.196487572,3.72E-35
TGC,C,0.117704381,NonOpt,0.010955669,0.024654076,0.029616019,0.021741921,0.009665022,NonOpt,NA,NA,NA,NA,-0.045630186,6.51E-07,-0.00868451,0.472192781,-0.080672349,0.009785216,-0.034415785,0.00769246,-0.077535717,-0.056322439,-0.079445148,4.25E-18,-0.07468448,5.98E-10,-0.064176941,6.19E-05
TGT,C,0.069447399,NonOpt,0.006463845,0.014545905,0.017473451,0.012827734,0.005702363,NonOpt,NA,NA,NA,NA,-0.081360697,6.58E-19,-0.111320174,2.38E-20,-0.032646231,-0.089872764,-0.126040788,-0.027157932,-0.088876777,-0.123608629,-0.079445148,4.25E-18,-0.07468448,5.98E-10,-0.064176941,6.19E-05
GAC,D,0.394241564,Opt,0.409957193,0.355714396,0.436632966,0.400768185,0.041234478,Opt,0.091490,0.086310,0.061611177,0.003663,0.009936895,0.278813429,0.025477091,0.034915969,0.060755859,0.08106737,0.066105101,-0.011854852,0.061844137,0.060057099,0.04219741,4.21E-06,0.056488619,2.87E-06,-0.009006971,0.574392373
GAT,D,0.232602523,Opt,0.241874744,0.209871494,0.25761345,0.236453229,0.024328342,Opt,0.091490,0.086310,0.061611177,0.003663,0.039610107,1.57E-05,0.050187389,3.22E-05,-0.053851238,0.002277502,-0.09030493,-0.002935591,0.032287612,0.054285803,0.04219741,4.21E-06,0.056488619,2.87E-06,-0.009006971,0.574392373
GAA,E,0.141899441,NonOpt,0.230986483,0.132875889,0.141399246,0.16842054,0.054351034,Opt,2.198940,2.194955,1.522570551,0.002818,-0.034687595,0.000155868,-0.036257657,0.00267869,0.091010875,0.038611735,-0.071103325,-0.027350443,0.011326297,-0.012346221,-0.055656954,1.28E-09,-0.024488116,0.042618859,0.014497539,0.366013177
GAG,E,0.166455481,Opt,0.652171777,0.343097874,0.399113887,0.464794513,0.16467279,Opt,2.198940,2.194955,1.522570551,0.002818,-0.037367444,4.62E-05,-0.002269806,0.850959441,-0.119061247,0.209547298,0.042809452,-0.018502569,0.032178563,0.075169708,-0.055656954,1.28E-09,-0.024488116,0.042618859,0.014497539,0.366013177
TTC,F,0.220386246,Opt,0.310183671,0.311893948,0.30745792,0.309845179,0.002237302,Opt,0.314900,0.303705,0.214358731,0.007916,0.059313653,9.80E-11,0.062510009,2.22E-07,0.09422025,0.070726181,0.099233698,0.005112362,0.034541748,0.045245641,0.079029421,6.33E-18,0.040922285,0.000701584,0.000292836,0.985432834
TTT,F,0.130027885,NonOpt,0.183008366,0.184017429,0.181400173,0.182808656,0.001320008,Opt,0.314900,0.303705,0.214358731,0.007916,0.04732106,2.47E-07,-0.006596755,0.585008046,-0.078253936,-0.201349005,-0.107564128,-0.03227971,-0.003509078,-0.008647198,0.079029421,6.33E-18,0.040922285,0.000701584,0.000292836,0.985432834
GGA,G,0.109175004,NonOpt,0.266297227,0.1716125,0.184849198,0.207586308,0.051274082,Opt,1.422450,1.463390,1,0.028949,0.068686012,6.65E-14,0.044038958,0.000265003,-0.123026656,0.135419155,-0.005715658,0.025367324,0.064122386,0.050131153,0.070860271,1.06E-14,0.099455583,1.54E-16,0.114422521,8.20E-13
GGC,G,0.424235546,Opt,0.531113401,0.313929512,0.349574791,0.398205901,0.116472954,Opt,1.422450,1.463390,1,0.028949,0.025235785,0.005946201,0.079776288,3.73E-11,-0.011680505,0.142671712,0.141343905,0.030097404,0.061801217,0.065643861,0.070860271,1.06E-14,0.099455583,1.54E-16,0.114422521,8.20E-13
GGG,G,0.200877446,Opt,0.256105862,0.155044263,0.155033218,0.188727781,0.05835113,Opt,1.422450,1.463390,1,0.028949,-0.00428647,0.640386456,0.00814972,0.49990219,-0.093385619,-0.080869449,-0.067321053,-0.022774747,0.017070679,0.04504918,0.070860271,1.06E-14,0.099455583,1.54E-16,0.114422521,8.20E-13
GGT,G,0.250298972,Opt,0.313356907,0.185218412,0.206249127,0.234941482,0.068719043,Opt,1.422450,1.463390,1,0.028949,0.087439406,1.33E-21,0.094480343,4.56E-15,0.213656991,0.297065569,0.129835502,0.033401091,0.026794357,0.05181304,0.070860271,1.06E-14,0.099455583,1.54E-16,0.114422521,8.20E-13
CAC,H,0.287199564,Opt,0.807679254,0.529490317,0.342025383,0.559731651,0.234295296,Opt,0.256415,0.236335,0.170747512,0.014199,-0.084821916,2.03E-20,-0.06212035,2.64E-07,0.068131884,0.046917733,0.001787787,-0.002406983,-0.035483283,-0.11072793,-0.11701059,1.72E-37,-0.11276144,7.66E-21,-0.021247341,0.185198534
CAT,H,0.169447743,Opt,0.47653076,0.312399287,0.201794976,0.330241674,0.138234225,Opt,0.256415,0.236335,0.170747512,0.014199,-0.076102292,9.90E-17,-0.108395785,2.27E-19,-0.085955309,-0.142630418,-0.141272709,-0.0331307,-0.03749422,-0.128162565,-0.11701059,1.72E-37,-0.11276144,7.66E-21,-0.021247341,0.185198534
ATA,I,0.034887626,NonOpt,0.074859462,0.084794423,0.068706822,0.076120236,0.008117567,NonOpt,0.515020,0.486980,0.347212597,0.019827,-0.009905054,0.280356719,-0.057786645,1.69E-06,-0.256527993,-0.268632832,-0.181127137,-0.041080495,-0.035262894,-0.073401598,0.124459062,3.17E-42,0.144547226,2.51E-33,-0.064753025,5.31E-05
ATC,I,0.14892841,NonOpt,0.04851901,0.050429802,0.049297031,0.049415281,0.000960869,NonOpt,0.515020,0.486980,0.347212597,0.019827,0.112051909,1.67E-34,0.157680381,2.07E-39,0.112158848,0.132825599,0.198319864,0.009402352,0.061661984,0.131746351,0.124459062,3.17E-42,0.144547226,2.51E-33,-0.064753025,5.31E-05
ATT,I,0.206603878,Opt,0.067126225,0.069845212,0.068318014,0.068429817,0.001362937,NonOpt,0.515020,0.486980,0.347212597,0.019827,0.08769614,1.01E-21,0.104814096,3.31E-18,0.048520582,0.075746668,0.025178465,0.00078597,0.018781791,0.065180249,0.124459062,3.17E-42,0.144547226,2.51E-33,-0.064753025,5.31E-05
AAA,K,0.299568351,Opt,0.493634563,0.462213184,0.432822876,0.462890208,0.030411496,Opt,0.305635,0.266415,0.198226513,0.027733,-0.013908082,0.129562107,0.029259054,0.015410815,-0.149203138,-0.027931696,0.015335989,-0.020919143,-0.004958795,-0.043924423,0.029269165,0.00142001,0.162551928,8.34E-42,-0.02316068,0.14866643
AAG,K,0.28718633,Opt,0.423645239,0.363580645,0.370241975,0.38582262,0.03292425,Opt,0.305635,0.266415,0.198226513,0.027733,0.063332328,4.88E-12,0.203419767,6.12E-65,0.10281416,0.332994967,0.272702498,0.033383285,0.06890469,0.148989915,0.029269165,0.00142001,0.162551928,8.34E-42,-0.02316068,0.14866643
CTA,L,0.042908783,NonOpt,0.118520514,0.104496201,0.09791279,0.106976502,0.010525374,NonOpt,0.534830,0.501285,0.359034111,0.023720,6.77E-05,0.994112112,-0.066142301,4.22E-08,-0.129008376,-0.207498718,-0.094129624,-0.02772522,-0.017019114,-0.03386223,0.013086206,0.153796955,-0.056480283,2.88E-06,-0.068524257,1.89E-05
CTC,L,0.032221503,NonOpt,0.069333959,0.076698124,0.070700447,0.072244176,0.003917277,NonOpt,0.534830,0.501285,0.359034111,0.023720,0.008897853,0.33217498,-0.026510191,0.028171144,-0.136408675,0.043906532,0.054640367,-0.008557601,0.003287957,-0.00200006,0.013086206,0.153796955,-0.056480283,2.88E-06,-0.068524257,1.89E-05
CTG,L,0.299375061,Opt,0.669505678,0.547645767,0.498636937,0.571929461,0.087984686,Opt,0.534830,0.501285,0.359034111,0.023720,0.024091482,0.008640349,0.026819391,0.026384575,-0.164090599,-0.14645165,0.046528625,-0.01211842,0.007047546,0.083354889,0.013086206,0.153796955,-0.056480283,2.88E-06,-0.068524257,1.89E-05
CTT,L,0.044752088,NonOpt,0.096297165,0.106525172,0.098195065,0.100339134,0.005440662,NonOpt,0.534830,0.501285,0.359034111,0.023720,-0.003018572,0.742173388,-0.043777937,0.000288215,-0.12872039,0.046255057,-0.039497285,-0.006126664,-0.024447305,-0.050878699,0.013086206,0.153796955,-0.056480283,2.88E-06,-0.068524257,1.89E-05
TTA,L,0.186876817,Opt,0.199197352,0.175168142,0.185827134,0.186730876,0.01204007,Opt,0.534830,0.501285,0.359034111,0.023720,-0.050804039,3.02E-08,-0.103721756,7.35E-18,-0.037046335,-0.224236587,-0.207364814,-0.009802246,-0.063373492,-0.102542981,0.013086206,0.153796955,-0.056480283,2.88E-06,-0.068524257,1.89E-05
TTG,L,0.125857417,NonOpt,0.119607604,0.182061948,0.173390362,0.158353305,0.033833727,Opt,0.534830,0.501285,0.359034111,0.023720,0.014098679,0.124389816,-0.049918992,3.55E-05,0.1995133,0.061988088,-0.126373685,-0.005743733,-0.052610498,-0.032343784,0.013086206,0.153796955,-0.056480283,2.88E-06,-0.068524257,1.89E-05
ATG,M,0.674046522,Opt,1,1,1,1,0,Opt,0.169025,0.160180,0.114075971,0.006254,0.116812776,2.28E-37,0.158495474,8.35E-40,-0.0643907,0.075518946,0.018656034,-0.019913812,0.021641627,0.086194349,0.07574297,1.38E-16,0.089754009,9.71E-14,-0.051845891,0.001217461
AAC,N,0.223757035,Opt,0.174097638,0.185069956,0.201328706,0.1868321,0.013700789,Opt,0.000000,0.000000,0,0.000000,0.016737395,0.068116538,0.059675717,7.64E-07,0.067571125,0.030823748,0.055050282,0.019582899,0.045766465,0.029100383,0.005183705,0.572111547,0.027632069,0.022148312,-0.060303685,0.000167653
AAT,N,0.13201719,NonOpt,0.102717607,0.109191274,0.118783937,0.110230939,0.008083466,NonOpt,0.000000,0.000000,0,0.000000,-0.007545839,0.410856704,-0.018496066,0.125712031,-0.128479099,-0.293370561,-0.090526021,-0.011156834,-0.035130138,-0.047855304,0.005183705,0.572111547,0.027632069,0.022148312,-0.060303685,0.000167653
CCA,P,0.116737479,NonOpt,0.022751286,0.047283494,0.062274925,0.044103235,0.01995282,NonOpt,0.143580,0.132120,0.095535442,0.008103,-0.060156296,5.31E-11,-0.111851447,1.57E-20,0.15610455,-0.223671989,-0.022855472,0.006066073,0.028406225,-0.085935352,-0.076865731,4.88E-17,-0.121091082,8.22E-24,0.013208542,0.410174741
CCC,P,0.039692912,NonOpt,0.004931902,0.005470818,0.007144903,0.005849208,0.001154005,NonOpt,0.143580,0.132120,0.095535442,0.008103,-0.063191439,5.43E-12,-0.053773811,8.40E-06,-0.088184999,0.050390267,0.098806797,0.026394747,0.063868205,-0.072621201,-0.076865731,4.88E-17,-0.121091082,8.22E-24,0.013208542,0.410174741
CCG,P,0.108646185,NonOpt,0.017120959,0.042286895,0.056557794,0.038655216,0.019967669,NonOpt,0.143580,0.132120,0.095535442,0.008103,-0.02547804,0.005483819,-0.038586212,0.001396614,-0.180468091,-0.224686851,0.003570317,-0.02585177,0.004548378,-0.075520036,-0.076865731,4.88E-17,-0.121091082,8.22E-24,0.013208542,0.410174741
CCT,P,0.055129045,NonOpt,0.006849865,0.007598359,0.009923477,0.0081239,0.001602784,NonOpt,0.143580,0.132120,0.095535442,0.008103,-0.046515536,3.93E-07,-0.108238115,2.56E-19,0.000223561,0.011244856,0.036899909,0.026373662,0.041242594,-0.07838275,-0.076865731,4.88E-17,-0.121091082,8.22E-24,0.013208542,0.410174741
CAA,Q,0.162735895,Opt,0.019208419,0.029267075,0.031430347,0.02663528,0.006522165,NonOpt,0.246970,0.138200,0.133468938,0.076912,-0.075104692,2.47E-16,-0.099489902,1.50E-16,0.072125476,-0.017011217,-0.076728809,-0.025724679,-0.055656284,-0.08557132,-0.111749878,2.52E-34,-0.110537946,4.37E-20,-0.016970766,0.289964095
CAG,Q,0.495112724,Opt,0.06035319,0.098871449,0.097332062,0.0855189,0.021807732,NonOpt,0.246970,0.138200,0.133468938,0.076912,-0.082288505,2.63E-19,-0.07695202,1.78E-10,-0.130706447,-0.117337442,0.091851503,-0.024089013,0.035799266,-0.009628656,-0.111749878,2.52E-34,-0.110537946,4.37E-20,-0.016970766,0.289964095
AGA,R,0.029991901,NonOpt,0.235254792,0.130988477,0.136168576,0.167470615,0.05875993,Opt,0.612645,0.611245,0.424101821,0.000990,-0.069007252,5.09E-14,-0.069955717,6.71E-09,0.041611414,-0.065118156,-0.141404337,-0.023383327,-0.017383769,-0.102213569,-0.066230028,4.98E-13,-0.053304986,1.01E-05,-0.085243726,1.01E-07
AGG,R,0.107015631,NonOpt,0.328611329,0.165825976,0.133119423,0.209185576,0.104710613,Opt,0.612645,0.611245,0.424101821,0.000990,-0.103495604,1.17E-29,-0.053142243,1.07E-05,-0.193075031,-0.164913371,-0.154347349,-0.014962944,-0.042374054,-0.085498651,-0.066230028,4.98E-13,-0.053304986,1.01E-05,-0.085243726,1.01E-07
CGA,R,0.205464993,Opt,0.324601067,0.307993226,0.324768063,0.319120785,0.009637111,Opt,0.612645,0.611245,0.424101821,0.000990,0.007285163,0.42720919,0.005030621,0.67709054,-0.196805665,-0.203668153,-0.17768879,-0.036373462,-0.025987193,0.040871651,-0.066230028,4.98E-13,-0.053304986,1.01E-05,-0.085243726,1.01E-07
CGC,R,0.077807985,NonOpt,0.087191,0.131013236,0.143839351,0.120681196,0.029703909,NonOpt,0.612645,0.611245,0.424101821,0.000990,0.002077096,0.820913388,0.000788616,0.947949854,-0.10179446,0.179281802,0.242051736,0.01939779,-0.00261228,0.025968443,-0.066230028,4.98E-13,-0.053304986,1.01E-05,-0.085243726,1.01E-07
CGG,R,0.198030679,Opt,0.208936749,0.2385128,0.259790799,0.235746783,0.025539611,Opt,0.612645,0.611245,0.424101821,0.000990,-0.023468589,0.010526045,-0.028297721,0.019131964,-0.127444136,-0.188274625,-0.135856775,-0.045227533,-0.030063648,0.028343697,-0.066230028,4.98E-13,-0.053304986,1.01E-05,-0.085243726,1.01E-07
CGT,R,0.108066646,NonOpt,0.121098611,0.181962828,0.199776876,0.167612772,0.041255429,Opt,0.612645,0.611245,0.424101821,0.000990,0.035244082,0.00012192,0.015559529,0.197713545,0.079427537,0.302589954,0.077443739,0.027103328,-0.001942618,0.060860209,-0.066230028,4.98E-13,-0.053304986,1.01E-05,-0.085243726,1.01E-07
AGC,S,0.217473613,Opt,0.115941671,0.251793042,0.286433583,0.218056099,0.090113867,Opt,0.394795,0.373015,0.266061181,0.015401,-0.111514892,3.46E-34,-0.151066656,2.81E-36,-0.148752866,-0.079966523,0.008439712,-0.016558359,-0.038299128,-0.139503282,-0.194912797,4.73E-102,-0.242547207,2.36E-92,-0.050340146,0.001685502
AGT,S,0.12831324,NonOpt,0.068405586,0.148557895,0.168995814,0.128653098,0.053167182,NonOpt,0.394795,0.373015,0.266061181,0.015401,-0.115685521,1.11E-36,-0.195162266,8.03E-60,-0.155378108,-0.169420872,-0.159424216,-0.022933015,-0.060014049,-0.171478783,-0.194912797,4.73E-102,-0.242547207,2.36E-92,-0.050340146,0.001685502
TCA,S,0.268030415,Opt,0.210091414,0.192136769,0.199518481,0.200582222,0.009024465,Opt,0.394795,0.373015,0.266061181,0.015401,-0.106696151,2.01E-31,-0.174787503,3.70E-48,-0.115731074,-0.330427501,-0.099653433,-0.016088114,-0.04166276,-0.155203776,-0.194912797,4.73E-102,-0.242547207,2.36E-92,-0.050340146,0.001685502
TCC,S,0.087703435,NonOpt,0.000742007,0.001277109,0.001752873,0.00125733,0.000505723,NonOpt,0.394795,0.373015,0.266061181,0.015401,-0.084565894,2.63E-20,-0.075206839,4.53E-10,0.135027097,-0.13083999,0.072174037,0.021289596,-0.013749314,-0.095279027,-0.194912797,4.73E-102,-0.242547207,2.36E-92,-0.050340146,0.001685502
TCG,S,0.125411191,NonOpt,0.153451118,0.140574423,0.149395932,0.147807158,0.006583728,NonOpt,0.394795,0.373015,0.266061181,0.015401,-0.051569253,1.87E-08,-0.036829061,0.002290411,-0.126056717,-0.258811834,-0.068762995,0.000440163,-0.03207698,-0.073548078,-0.194912797,4.73E-102,-0.242547207,2.36E-92,-0.050340146,0.001685502
TCT,S,0.121810326,NonOpt,0.001030565,0.001773762,0.002434546,0.001746291,0.000702394,NonOpt,0.394795,0.373015,0.266061181,0.015401,-0.077926116,1.81E-17,-0.116813823,2.93E-22,0.141822312,-0.186664164,-0.033573434,0.048130104,-0.042438904,-0.12731067,-0.194912797,4.73E-102,-0.242547207,2.36E-92,-0.050340146,0.001685502
ACA,T,0.132948142,NonOpt,0.119639681,0.10350232,0.110839562,0.111327188,0.008079724,NonOpt,0.924750,0.887590,0.628011255,0.026276,-0.011527719,0.208978937,-0.049675698,3.88E-05,-0.142278037,-0.195643932,-0.082622754,-0.016928186,-0.015077798,-0.068068834,0.009722359,0.289323849,-0.045780908,0.000149605,0.021535532,0.179306854
ACC,T,0.157229109,Opt,0.025982092,0.02229826,0.02439662,0.024225657,0.001847857,NonOpt,0.924750,0.887590,0.628011255,0.026276,0.038788261,2.35E-05,0.020268715,0.093344541,0.126507255,0.108743337,0.075218907,0.050813489,0.046067904,0.035824136,0.009722359,0.289323849,-0.045780908,0.000149605,0.021535532,0.179306854
ACG,T,0.130187763,NonOpt,0.087734217,0.103995145,0.112579113,0.101436159,0.012618579,NonOpt,0.924750,0.887590,0.628011255,0.026276,-0.001963613,0.83054507,0.019891527,0.099603244,-0.155231279,-0.157585966,0.061604971,-0.037789175,-0.017268855,-0.029301517,0.009722359,0.289323849,-0.045780908,0.000149605,0.021535532,0.179306854
ACT,T,0.218373763,Opt,0.036086238,0.030969805,0.033884194,0.033646746,0.002566468,NonOpt,0.924750,0.887590,0.628011255,0.026276,-0.016734837,0.068158693,-0.073956414,8.76E-10,0.143274049,0.045730403,-0.000235223,0.021029955,-0.021227062,-0.060324763,0.009722359,0.289323849,-0.045780908,0.000149605,0.021535532,0.179306854
GTA,V,0.179479139,Opt,0.044221284,0.053134746,0.047927031,0.048427687,0.004477772,NonOpt,0.529835,0.499305,0.356617137,0.021588,0.036405733,7.22E-05,0.00209558,0.862280466,-0.189556921,-0.068554852,-0.134219137,3.44E-05,-0.006626728,-0.022195207,0.131678175,4.25E-47,0.107956255,3.17E-19,0.107956087,1.47E-11
GTC,V,0.389047754,Opt,0.011538875,0.022044007,0.021758046,0.018446976,0.005984299,NonOpt,0.529835,0.499305,0.356617137,0.021588,0.059822654,6.78E-11,0.062459654,2.27E-07,0.19987365,0.241549051,0.042697151,0.058153485,0.026703511,0.064708674,0.131678175,4.25E-47,0.107956255,3.17E-19,0.107956087,1.47E-11
GTG,V,1,Opt,0.221042948,0.248551157,0.206001027,0.225198377,0.021577282,Opt,0.529835,0.499305,0.356617137,0.021588,0.075747932,1.37E-16,0.087397673,4.21E-13,-0.095549422,-0.035868185,0.072671813,0.004420567,-0.011869412,0.118236913,0.131678175,4.25E-47,0.107956255,3.17E-19,0.107956087,1.47E-11
GTT,V,0.540344103,Opt,0.016026215,0.030616677,0.030219508,0.0256208,0.008311527,NonOpt,0.529835,0.499305,0.356617137,0.021588,0.066711211,3.37E-13,0.034349764,0.004450816,0.190892245,0.248047865,-0.067311737,0.037543326,-0.032643899,0.016484633,0.131678175,4.25E-47,0.107956255,3.17E-19,0.107956087,1.47E-11
TGG,W,0.154571494,NonOpt,0.099273668,0.120213988,0.100700382,0.106729346,0.01169981,NonOpt,0.138205,0.138675,0.095944335,0.000332,0.04334295,2.29E-06,0.019835436,0.100561924,-0.02230503,-0.039503446,-0.115710584,-0.021006063,-0.037861343,0.029326421,0.04389911,1.70E-06,0.020739705,0.085976641,-0.022422135,0.16205547
TAC,Y,0.089487237,NonOpt,0.0060394,0.001842764,0.002108996,0.003330387,0.002349848,NonOpt,0.336370,0.316845,0.226351773,0.013806,0.081512541,5.67E-19,0.081572182,1.34E-11,0.099729738,0.021836119,0.069307987,0.014032894,0.055394189,0.041651356,0.109813106,3.38E-33,0.076642034,2.10E-10,0.004185907,0.794098916
TAT,Y,0.052811439,NonOpt,0.003563246,0.001087231,0.001244308,0.001964928,0.00138641,NonOpt,0.336370,0.316845,0.226351773,0.013806,0.072063766,3.72E-15,0.029960602,0.013112824,-0.087650239,-0.105513777,-0.116496546,-0.013942655,0.018953183,0.00887336,0.109813106,3.38E-33,0.076642034,2.10E-10,0.004185907,0.794098916